<domain type='{hypervisor}'>
    <name>{guest_name}</name>
    <memory unit='MiB'>{memory}</memory>
    <vcpu placement='static'>2</vcpu>
    <os>
        <type arch='x86_64' machine='{qemu_machine}'>hvm</type>
        <boot dev='hd'/>
    </os>
    <features>
        <acpi/>
        <apic/>
        <vmport state='off'/>
    </features>
    <on_poweroff>destroy</on_poweroff>
    <on_reboot>restart</on_reboot>
    <on_crash>destroy</on_crash>
    <pm>
        <suspend-to-mem enabled='no'/>
        <suspend-to-disk enabled='no'/>
    </pm>

    <devices>
        <emulator>/usr/bin/qemu-system-x86_64</emulator>

        <disk type='file' device='disk'>
            <driver name='qemu' type='qcow2'/>
            <source file='{disk_image}'/>
            <target dev='vda' bus='virtio'/>
            <address type='pci' domain='0x0000' bus='0x03' slot='0x00' function='0x0'/>
        </disk>

        <interface type='network'>
            <start mode='onboot'/>
            <mac address='{mac_address}'/>
            <source network='{network_name}'/>
            <model type='virtio'/>
            <address type='pci' domain='0x0000' bus='0x01' slot='0x00' function='0x0'/>
            <filterref filter='cowrie-default-filter'/>
        </interface>

        <serial type='pty'>
            <target port='0'/>
        </serial>

        <controller type='sata' index='0'>
            <address type='pci' domain='0x0000' bus='0x00' slot='0x1f' function='0x2'/>
        </controller>

        <controller type='pci' index='0' model='pcie-root'/>

        <controller type='pci' index='6' model='pcie-root-port'>
            <model name='pcie-root-port'/>
            <target chassis='6' port='0x15'/>
            <address type='pci' domain='0x0000' bus='0x00' slot='0x02' function='0x5'/>
        </controller>

<!--        <rng model='virtio'>-->
<!--            <backend model='random'>/dev/urandom</backend>-->
<!--        </rng>-->
    </devices>
</domain>
