{
  "command": {
    "ps": [
      {
        "COMMAND": "/lib/systemd/systemd --system --deserialize 20",
        "CPU": 0.0,
        "MEM": 0.8852285391357956,
        "PID": 1,
        "RSS": 4587520,
        "START": "Jun22",
        "STAT": "Ss",
        "TIME": 0.48,
        "TTY": "?",
        "USER": "root",
        "VSZ": 180281344
      },
      {
        "COMMAND": "[kthreadd]",
        "CPU": 0.0,
        "MEM": 0.0,
        "PID": 2,
        "RSS": 0,
        "START": "Jun22",
        "STAT": "S<",
        "TIME": 0.0,
        "TTY": "?",
        "USER": "root",
        "VSZ": 0
      },
      {
        "COMMAND": "[ksoftirqd/0]",
        "CPU": 0.0,
        "MEM": 0.0,
        "PID": 3,
        "RSS": 0,
        "START": "Jun22",
        "STAT": "S<",
        "TIME": 0.0,
        "TTY": "?",
        "USER": "root",
        "VSZ": 0
      },
      {
        "COMMAND": "[kworker/0:0H]",
        "CPU": 0.0,
        "MEM": 0.0,
        "PID": 5,
        "RSS": 0,
        "START": "Jun22",
        "STAT": "D<",
        "TIME": 0.0,
        "TTY": "?",
        "USER": "root",
        "VSZ": 0
      },
      {
        "COMMAND": "[rcu_sched]",
        "CPU": 0.0,
        "MEM": 0.0,
        "PID": 7,
        "RSS": 0,
        "START": "Jun22",
        "STAT": "Ss",
        "TIME": 0.0,
        "TTY": "?",
        "USER": "root",
        "VSZ": 0
      },
      {
        "COMMAND": "[rcu_bh]",
        "CPU": 0.0,
        "MEM": 0.0,
        "PID": 8,
        "RSS": 0,
        "START": "Jun22",
        "STAT": "Ss+",
        "TIME": 0.0,
        "TTY": "?",
        "USER": "root",
        "VSZ": 0
      },
      {
        "COMMAND": "[migration/0]",
        "CPU": 0.0,
        "MEM": 0.0,
        "PID": 9,
        "RSS": 0,
        "START": "Jun22",
        "STAT": "Ss+",
        "TIME": 0.0,
        "TTY": "?",
        "USER": "root",
        "VSZ": 0
      },
      {
        "COMMAND": "[watchdog/0]",
        "CPU": 0.0,
        "MEM": 0.0,
        "PID": 10,
        "RSS": 0,
        "START": "Jun22",
        "STAT": "S<",
        "TIME": 0.0,
        "TTY": "?",
        "USER": "root",
        "VSZ": 0
      },
      {
        "COMMAND": "[watchdog/1]",
        "CPU": 0.0,
        "MEM": 0.0,
        "PID": 11,
        "RSS": 0,
        "START": "Jun22",
        "STAT": "D<",
        "TIME": 0.0,
        "TTY": "?",
        "USER": "root",
        "VSZ": 0
      },
      {
        "COMMAND": "[migration/1]",
        "CPU": 0.0,
        "MEM": 0.0,
        "PID": 12,
        "RSS": 0,
        "START": "Jun22",
        "STAT": "Ss+",
        "TIME": 0.0,
        "TTY": "?",
        "USER": "root",
        "VSZ": 0
      },
      {
        "COMMAND": "[ksoftirqd/1]",
        "CPU": 0.0,
        "MEM": 0.0,
        "PID": 13,
        "RSS": 0,
        "START": "Jun22",
        "STAT": "Ss",
        "TIME": 0.0,
        "TTY": "?",
        "USER": "root",
        "VSZ": 0
      },
      {
        "COMMAND": "[kworker/1:0H]",
        "CPU": 0.0,
        "MEM": 0.0,
        "PID": 15,
        "RSS": 0,
        "START": "Jun22",
        "STAT": "D<",
        "TIME": 0.0,
        "TTY": "?",
        "USER": "root",
        "VSZ": 0
      },
      {
        "COMMAND": "[khelper]",
        "CPU": 0.0,
        "MEM": 0.0,
        "PID": 16,
        "RSS": 0,
        "START": "Jun22",
        "STAT": "D<",
        "TIME": 0.0,
        "TTY": "?",
        "USER": "root",
        "VSZ": 0
      },
      {
        "COMMAND": "[kdevtmpfs]",
        "CPU": 0.0,
        "MEM": 0.0,
        "PID": 17,
        "RSS": 0,
        "START": "Jun22",
        "STAT": "S<",
        "TIME": 0.0,
        "TTY": "?",
        "USER": "root",
        "VSZ": 0
      },
      {
        "COMMAND": "[netns]",
        "CPU": 0.0,
        "MEM": 0.0,
        "PID": 18,
        "RSS": 0,
        "START": "Jun22",
        "STAT": "Ss",
        "TIME": 0.0,
        "TTY": "?",
        "USER": "root",
        "VSZ": 0
      },
      {
        "COMMAND": "[khungtaskd]",
        "CPU": 0.0,
        "MEM": 0.0,
        "PID": 19,
        "RSS": 0,
        "START": "Jun22",
        "STAT": "D<",
        "TIME": 0.0,
        "TTY": "?",
        "USER": "root",
        "VSZ": 0
      },
      {
        "COMMAND": "[writeback]",
        "CPU": 0.0,
        "MEM": 0.0,
        "PID": 20,
        "RSS": 0,
        "START": "Jun22",
        "STAT": "S<",
        "TIME": 0.0,
        "TTY": "?",
        "USER": "root",
        "VSZ": 0
      },
      {
        "COMMAND": "[ksmd]",
        "CPU": 0.0,
        "MEM": 0.0,
        "PID": 21,
        "RSS": 0,
        "START": "Jun22",
        "STAT": "S<",
        "TIME": 0.0,
        "TTY": "?",
        "USER": "root",
        "VSZ": 0
      },
      {
        "COMMAND": "[crypto]",
        "CPU": 0.0,
        "MEM": 0.0,
        "PID": 22,
        "RSS": 0,
        "START": "Jun22",
        "STAT": "S<",
        "TIME": 0.0,
        "TTY": "?",
        "USER": "root",
        "VSZ": 0
      },
      {
        "COMMAND": "[kintegrityd]",
        "CPU": 0.0,
        "MEM": 0.0,
        "PID": 23,
        "RSS": 0,
        "START": "Jun22",
        "STAT": "S<",
        "TIME": 0.0,
        "TTY": "?",
        "USER": "root",
        "VSZ": 0
      },
      {
        "COMMAND": "[bioset]",
        "CPU": 0.0,
        "MEM": 0.0,
        "PID": 24,
        "RSS": 0,
        "START": "Jun22",
        "STAT": "D<",
        "TIME": 0.0,
        "TTY": "?",
        "USER": "root",
        "VSZ": 0
      },
      {
        "COMMAND": "[kblockd]",
        "CPU": 0.0,
        "MEM": 0.0,
        "PID": 25,
        "RSS": 0,
        "START": "Jun22",
        "STAT": "Ss+",
        "TIME": 0.0,
        "TTY": "?",
        "USER": "root",
        "VSZ": 0
      },
      {
        "COMMAND": "[kswapd0]",
        "CPU": 0.0,
        "MEM": 0.0,
        "PID": 27,
        "RSS": 0,
        "START": "Jun22",
        "STAT": "Ss",
        "TIME": 0.0,
        "TTY": "?",
        "USER": "root",
        "VSZ": 0
      },
      {
        "COMMAND": "[vmstat]",
        "CPU": 0.0,
        "MEM": 0.0,
        "PID": 28,
        "RSS": 0,
        "START": "Jun22",
        "STAT": "S<",
        "TIME": 0.0,
        "TTY": "?",
        "USER": "root",
        "VSZ": 0
      },
      {
        "COMMAND": "[fsnotify_mark]",
        "CPU": 0.0,
        "MEM": 0.0,
        "PID": 29,
        "RSS": 0,
        "START": "Jun22",
        "STAT": "S<",
        "TIME": 0.0,
        "TTY": "?",
        "USER": "root",
        "VSZ": 0
      },
      {
        "COMMAND": "[kthrotld]",
        "CPU": 0.0,
        "MEM": 0.0,
        "PID": 35,
        "RSS": 0,
        "START": "Jun22",
        "STAT": "S<",
        "TIME": 0.0,
        "TTY": "?",
        "USER": "root",
        "VSZ": 0
      },
      {
        "COMMAND": "[ipv6_addrconf]",
        "CPU": 0.0,
        "MEM": 0.0,
        "PID": 37,
        "RSS": 0,
        "START": "Jun22",
        "STAT": "S<",
        "TIME": 0.0,
        "TTY": "?",
        "USER": "root",
        "VSZ": 0
      },
      {
        "COMMAND": "[deferwq]",
        "CPU": 0.0,
        "MEM": 0.0,
        "PID": 38,
        "RSS": 0,
        "START": "Jun22",
        "STAT": "D<",
        "TIME": 0.0,
        "TTY": "?",
        "USER": "root",
        "VSZ": 0
      },
      {
        "COMMAND": "[kworker/u4:1]",
        "CPU": 0.0,
        "MEM": 0.0,
        "PID": 39,
        "RSS": 0,
        "START": "Jun22",
        "STAT": "D<",
        "TIME": 0.0,
        "TTY": "?",
        "USER": "root",
        "VSZ": 0
      },
      {
        "COMMAND": "[ata_sff]",
        "CPU": 0.0,
        "MEM": 0.0,
        "PID": 74,
        "RSS": 0,
        "START": "Jun22",
        "STAT": "Ss",
        "TIME": 0.0,
        "TTY": "?",
        "USER": "root",
        "VSZ": 0
      },
      {
        "COMMAND": "[kpsmoused]",
        "CPU": 0.0,
        "MEM": 0.0,
        "PID": 75,
        "RSS": 0,
        "START": "Jun22",
        "STAT": "Ss+",
        "TIME": 0.0,
        "TTY": "?",
        "USER": "root",
        "VSZ": 0
      },
      {
        "COMMAND": "[scsi_eh_0]",
        "CPU": 0.0,
        "MEM": 0.0,
        "PID": 78,
        "RSS": 0,
        "START": "Jun22",
        "STAT": "S<",
        "TIME": 0.0,
        "TTY": "?",
        "USER": "root",
        "VSZ": 0
      },
      {
        "COMMAND": "[scsi_tmf_0]",
        "CPU": 0.0,
        "MEM": 0.0,
        "PID": 79,
        "RSS": 0,
        "START": "Jun22",
        "STAT": "Ss+",
        "TIME": 0.0,
        "TTY": "?",
        "USER": "root",
        "VSZ": 0
      },
      {
        "COMMAND": "[kworker/u4:2]",
        "CPU": 0.0,
        "MEM": 0.0,
        "PID": 80,
        "RSS": 0,
        "START": "Jun22",
        "STAT": "Ss",
        "TIME": 0.0,
        "TTY": "?",
        "USER": "root",
        "VSZ": 0
      },
      {
        "COMMAND": "[kworker/1:1H]",
        "CPU": 0.0,
        "MEM": 0.0,
        "PID": 83,
        "RSS": 0,
        "START": "Jun22",
        "STAT": "Ss",
        "TIME": 0.0,
        "TTY": "?",
        "USER": "root",
        "VSZ": 0
      },
      {
        "COMMAND": "[kworker/0:1H]",
        "CPU": 0.0,
        "MEM": 0.0,
        "PID": 88,
        "RSS": 0,
        "START": "Jun22",
        "STAT": "D<",
        "TIME": 0.0,
        "TTY": "?",
        "USER": "root",
        "VSZ": 0
      },
      {
        "COMMAND": "[jbd2/sda1-8]",
        "CPU": 0.0,
        "MEM": 0.0,
        "PID": 103,
        "RSS": 0,
        "START": "Jun22",
        "STAT": "D<",
        "TIME": 0.0,
        "TTY": "?",
        "USER": "root",
        "VSZ": 0
      },
      {
        "COMMAND": "[ext4-rsv-conver]",
        "CPU": 0.0,
        "MEM": 0.0,
        "PID": 104,
        "RSS": 0,
        "START": "Jun22",
        "STAT": "Ss+",
        "TIME": 0.0,
        "TTY": "?",
        "USER": "root",
        "VSZ": 0
      },
      {
        "COMMAND": "[kauditd]",
        "CPU": 0.0,
        "MEM": 0.0,
        "PID": 135,
        "RSS": 0,
        "START": "Jun22",
        "STAT": "Ss+",
        "TIME": 0.0,
        "TTY": "?",
        "USER": "root",
        "VSZ": 0
      },
      {
        "COMMAND": "/lib/systemd/systemd-udevd",
        "CPU": 0.0,
        "MEM": 0.42680661708333006,
        "PID": 141,
        "RSS": 2211840,
        "START": "Jun22",
        "STAT": "Ss",
        "TIME": 0.05,
        "TTY": "?",
        "USER": "root",
        "VSZ": 41754624
      },
      {
        "COMMAND": "/lib/systemd/systemd-journald",
        "CPU": 0.0,
        "MEM": 1.1231337090285407,
        "PID": 150,
        "RSS": 5820416,
        "START": "Jun22",
        "STAT": "S<",
        "TIME": 0.16,
        "TTY": "?",
        "USER": "root",
        "VSZ": 38326272
      },
      {
        "COMMAND": "/sbin/rpcbind -w",
        "CPU": 0.0,
        "MEM": 0.345397206787806,
        "PID": 360,
        "RSS": 1789952,
        "START": "Jun22",
        "STAT": "Ss",
        "TIME": 0.0,
        "TTY": "?",
        "USER": "root",
        "VSZ": 37969920
      },
      {
        "COMMAND": "/sbin/rpc.statd",
        "CPU": 0.0,
        "MEM": 0.3374933805455221,
        "PID": 382,
        "RSS": 1748992,
        "START": "Jun22",
        "STAT": "Ss+",
        "TIME": 0.0,
        "TTY": "?",
        "USER": "statd",
        "VSZ": 38174720
      },
      {
        "COMMAND": "[rpciod]",
        "CPU": 0.0,
        "MEM": 0.0,
        "PID": 387,
        "RSS": 0,
        "START": "Jun22",
        "STAT": "D<",
        "TIME": 0.0,
        "TTY": "?",
        "USER": "root",
        "VSZ": 0
      },
      {
        "COMMAND": "[nfsiod]",
        "CPU": 0.0,
        "MEM": 0.0,
        "PID": 392,
        "RSS": 0,
        "START": "Jun22",
        "STAT": "Ss",
        "TIME": 0.0,
        "TTY": "?",
        "USER": "root",
        "VSZ": 0
      },
      {
        "COMMAND": "/usr/sbin/rpc.idmapd",
        "CPU": 0.0,
        "MEM": 0.002371147872685167,
        "PID": 407,
        "RSS": 12288,
        "START": "Jun22",
        "STAT": "Ss",
        "TIME": 0.0,
        "TTY": "?",
        "USER": "root",
        "VSZ": 23916544
      },
      {
        "COMMAND": "/usr/sbin/atd -f",
        "CPU": 0.0,
        "MEM": 0.3082492234490717,
        "PID": 413,
        "RSS": 1597440,
        "START": "Jun22",
        "STAT": "Ss",
        "TIME": 0.0,
        "TTY": "?",
        "USER": "root",
        "VSZ": 19480576
      },
      {
        "COMMAND": "/usr/sbin/cron -f",
        "CPU": 0.0,
        "MEM": 0.5097967926273108,
        "PID": 414,
        "RSS": 2641920,
        "START": "Jun22",
        "STAT": "Ss",
        "TIME": 0.01,
        "TTY": "?",
        "USER": "root",
        "VSZ": 28135424
      },
      {
        "COMMAND": "/lib/systemd/systemd-logind",
        "CPU": 0.0,
        "MEM": 0.3390741457939789,
        "PID": 417,
        "RSS": 1757184,
        "START": "Jun22",
        "STAT": "Ss+",
        "TIME": 0.05,
        "TTY": "?",
        "USER": "root",
        "VSZ": 20332544
      },
      {
        "COMMAND": "/usr/bin/dbus-daemon --system --address=systemd: --nofork --nopidfile --systemd-activation",
        "CPU": 0.0,
        "MEM": 0.5105871752515393,
        "PID": 419,
        "RSS": 2646016,
        "START": "Jun22",
        "STAT": "Ss+",
        "TIME": 0.52,
        "TTY": "?",
        "USER": "messagebus",
        "VSZ": 43245568
      },
      {
        "COMMAND": "/usr/sbin/rsyslogd -n",
        "CPU": 0.0,
        "MEM": 0.40309513835647837,
        "PID": 425,
        "RSS": 2088960,
        "START": "Jun22",
        "STAT": "D<",
        "TIME": 0.04,
        "TTY": "?",
        "USER": "root",
        "VSZ": 264880128
      },
      {
        "COMMAND": "/usr/sbin/acpid",
        "CPU": 0.0,
        "MEM": 0.3058780755763865,
        "PID": 427,
        "RSS": 1585152,
        "START": "Jun22",
        "STAT": "Ss",
        "TIME": 0.0,
        "TTY": "?",
        "USER": "root",
        "VSZ": 4358144
      },
      {
        "COMMAND": "/sbin/agetty --noclear tty1 linux",
        "CPU": 0.0,
        "MEM": 0.3295895543032382,
        "PID": 442,
        "RSS": 1708032,
        "START": "Jun22",
        "STAT": "Ss",
        "TIME": 0.0,
        "TTY": "tty1",
        "USER": "root",
        "VSZ": 14761984
      },
      {
        "COMMAND": "/usr/sbin/sshd -D",
        "CPU": 0.0,
        "MEM": 0.5919965855470634,
        "PID": 448,
        "RSS": 3067904,
        "START": "Jun22",
        "STAT": "D<",
        "TIME": 0.01,
        "TTY": "?",
        "USER": "root",
        "VSZ": 56508416
      },
      {
        "COMMAND": "/usr/sbin/exim4 -bd -q30m",
        "CPU": 0.0,
        "MEM": 0.41574126034413256,
        "PID": 682,
        "RSS": 2154496,
        "START": "Jun22",
        "STAT": "D<",
        "TIME": 0.0,
        "TTY": "?",
        "USER": "Debian-exim",
        "VSZ": 54530048
      },
      {
        "COMMAND": "dhclient -v -pf /run/dhclient.eth0.pid -lf /var/lib/dhcp/dhclient.eth0.leases eth0",
        "CPU": 0.0,
        "MEM": 0.11381509788888802,
        "PID": 697,
        "RSS": 589824,
        "START": "Jun22",
        "STAT": "Ss",
        "TIME": 0.0,
        "TTY": "?",
        "USER": "root",
        "VSZ": 26009600
      },
      {
        "COMMAND": "[iprt-VBoxWQueue]",
        "CPU": 0.0,
        "MEM": 0.0,
        "PID": 8574,
        "RSS": 0,
        "START": "Jun22",
        "STAT": "Ss+",
        "TIME": 0.0,
        "TTY": "?",
        "USER": "root",
        "VSZ": 0
      },
      {
        "COMMAND": "[ttm_swap]",
        "CPU": 0.0,
        "MEM": 0.0,
        "PID": 8611,
        "RSS": 0,
        "START": "Jun22",
        "STAT": "D<",
        "TIME": 0.0,
        "TTY": "?",
        "USER": "root",
        "VSZ": 0
      },
      {
        "COMMAND": "/usr/sbin/VBoxService --pidfile /var/run/vboxadd-service.sh",
        "CPU": 0.0,
        "MEM": 0.20549948229938111,
        "PID": 8743,
        "RSS": 1064960,
        "START": "Jun22",
        "STAT": "Ss",
        "TIME": 0.17,
        "TTY": "?",
        "USER": "root",
        "VSZ": 307101696
      },
      {
        "COMMAND": "dhclient -v -pf /run/dhclient.eth1.pid -lf /var/lib/dhcp/dhclient.eth1.leases eth1",
        "CPU": 0.0,
        "MEM": 0.4679065135432063,
        "PID": 9030,
        "RSS": 2424832,
        "START": "Jun22",
        "STAT": "Ss+",
        "TIME": 0.0,
        "TTY": "?",
        "USER": "root",
        "VSZ": 26009600
      },
      {
        "COMMAND": "/bin/sh /usr/bin/mysqld_safe",
        "CPU": 0.0,
        "MEM": 0.2908608057160471,
        "PID": 21704,
        "RSS": 1507328,
        "START": "Jun22",
        "STAT": "D<",
        "TIME": 0.0,
        "TTY": "?",
        "USER": "root",
        "VSZ": 4440064
      },
      {
        "COMMAND": "/usr/sbin/mysqld --basedir=/usr --datadir=/var/lib/mysql --plugin-dir=/usr/lib/mysql/plugin --user=mysql --log-error=/var/log/mysql/error.log --pid-file=/var/run/mysqld/mysqld.pid --socket=/var/run/mysqld/mysqld.sock --port=3306",
        "CPU": 0.0,
        "MEM": 9.2822535389382,
        "PID": 22049,
        "RSS": 48103424,
        "START": "Jun22",
        "STAT": "S<",
        "TIME": 5.91,
        "TTY": "?",
        "USER": "mysql",
        "VSZ": 1374707712
      },
      {
        "COMMAND": "/usr/lib/erlang/erts-6.2/bin/epmd -daemon",
        "CPU": 0.0,
        "MEM": 0.04505180958101817,
        "PID": 25061,
        "RSS": 233472,
        "START": "Jun23",
        "STAT": "Ss",
        "TIME": 0.14,
        "TTY": "?",
        "USER": "ejabberd",
        "VSZ": 27955200
      },
      {
        "COMMAND": "[kworker/0:0]",
        "CPU": 0.0,
        "MEM": 0.0,
        "PID": 25065,
        "RSS": 0,
        "START": "Jun23",
        "STAT": "Ss+",
        "TIME": 0.0,
        "TTY": "?",
        "USER": "root",
        "VSZ": 0
      },
      {
        "COMMAND": "/usr/lib/erlang/erts-6.2/bin/beam.smp -K true -P 250000 -- -root /usr/lib/erlang -progname erl -- -home /var/lib/ejabberd -- -sname ejabberd -noshell -noinput -noshell -noinput -pa /usr/lib/x86_64-linux-gnu/ejabberd/ebin -mnesia dir \"/var/lib/ejabberd\" -ejabberd log_rate_limit 100 log_rotate_size 0 log_rotate_date \"\" -s ejabberd -sasl sasl_error_logger {file,\"/var/log/ejabberd/erlang.log\"} -smp auto start ",
        "CPU": 0.0,
        "MEM": 8.874416104836351,
        "PID": 25095,
        "RSS": 45989888,
        "START": "Jun23",
        "STAT": "Ss",
        "TIME": 3.41,
        "TTY": "?",
        "USER": "ejabberd",
        "VSZ": 968404992
      },
      {
        "COMMAND": "[kworker/1:0]",
        "CPU": 0.0,
        "MEM": 0.0,
        "PID": 25970,
        "RSS": 0,
        "START": "Jun23",
        "STAT": "D<",
        "TIME": 0.0,
        "TTY": "?",
        "USER": "root",
        "VSZ": 0
      },
      {
        "COMMAND": "nginx: master process /usr/sbin/nginx -g daemon on; master_process on;",
        "CPU": 0.0,
        "MEM": 0.5967388812924337,
        "PID": 26418,
        "RSS": 3092480,
        "START": "Jun23",
        "STAT": "Ss+",
        "TIME": 0.0,
        "TTY": "?",
        "USER": "root",
        "VSZ": 93380608
      },
      {
        "COMMAND": "nginx: worker process                           ",
        "CPU": 0.0,
        "MEM": 0.7255712490416611,
        "PID": 26419,
        "RSS": 3760128,
        "START": "Jun23",
        "STAT": "Ss+",
        "TIME": 0.29,
        "TTY": "?",
        "USER": "www-data",
        "VSZ": 93704192
      },
      {
        "COMMAND": "nginx: worker process                           ",
        "CPU": 0.0,
        "MEM": 0.7255712490416611,
        "PID": 26420,
        "RSS": 3760128,
        "START": "Jun23",
        "STAT": "D<",
        "TIME": 0.36,
        "TTY": "?",
        "USER": "www-data",
        "VSZ": 93704192
      },
      {
        "COMMAND": "nginx: worker process                           ",
        "CPU": 0.0,
        "MEM": 0.7255712490416611,
        "PID": 26421,
        "RSS": 3760128,
        "START": "Jun23",
        "STAT": "Ss+",
        "TIME": 0.2,
        "TTY": "?",
        "USER": "www-data",
        "VSZ": 93704192
      },
      {
        "COMMAND": "nginx: worker process                           ",
        "CPU": 0.0,
        "MEM": 0.7255712490416611,
        "PID": 26422,
        "RSS": 3760128,
        "START": "Jun23",
        "STAT": "D<",
        "TIME": 0.45,
        "TTY": "?",
        "USER": "www-data",
        "VSZ": 93704192
      },
      {
        "COMMAND": "[kworker/0:2]",
        "CPU": 0.0,
        "MEM": 0.0,
        "PID": 28001,
        "RSS": 0,
        "START": "Jun23",
        "STAT": "Ss",
        "TIME": 0.0,
        "TTY": "?",
        "USER": "root",
        "VSZ": 0
      },
      {
        "COMMAND": "[kworker/1:1]",
        "CPU": 0.0,
        "MEM": 0.0,
        "PID": 28002,
        "RSS": 0,
        "START": "Jun23",
        "STAT": "Ss",
        "TIME": 0.0,
        "TTY": "?",
        "USER": "root",
        "VSZ": 0
      }
    ]
  }
}
